first_name,last_name,email,gender,password
Angela,Hicks,ahicks0@google.es,Female,218.145.147.83
Patricia,Lynch,plynch1@sakura.ne.jp,Female,231.147.68.25
Juan,Porter,jporter2@acquirethisname.com,Male,21.187.221.105
Amy,Hicks,ahicks3@github.com,Female,221.5.225.104
Keith,Griffin,kgriffin4@opera.com,Male,151.11.173.241
Gary,Smith,gsmith5@quantcast.com,Male,250.43.162.204
Mary,Ferguson,mferguson6@google.co.jp,Female,76.59.69.169
Jose,Clark,jclark7@fotki.com,Male,114.143.201.88
Paul,Holmes,pholmes8@apple.com,Male,142.49.255.95
Melissa,Crawford,mcrawford9@ftc.gov,Female,141.167.67.239
Scott,Olson,solsona@nhs.uk,Male,102.188.215.21
Jeffrey,Porter,jporterb@ucoz.ru,Male,27.254.38.73
David,Castillo,dcastilloc@netlog.com,Male,53.164.102.46
Phyllis,Mccoy,pmccoyd@gmpg.org,Female,227.101.48.14
Bobby,Graham,bgrahame@google.pl,Male,188.147.66.23
Harry,Oliver,holiverf@ca.gov,Male,221.118.138.238
Roy,Hill,rhillg@histats.com,Male,161.15.114.10
Linda,Mason,lmasonh@nymag.com,Female,98.231.167.12
George,Taylor,gtaylori@microsoft.com,Male,2.111.50.162
Nicholas,Ruiz,nruizj@loc.gov,Male,210.4.227.167
Terry,Gilbert,tgilbertk@cmu.edu,Male,154.212.209.125
Joshua,White,jwhitel@howstuffworks.com,Male,181.168.137.234
Kelly,Romero,kromerom@blogspot.com,Female,198.142.17.35
Jacqueline,Flores,jfloresn@ed.gov,Female,0.107.128.106
David,Willis,dwilliso@moonfruit.com,Male,23.94.124.54
Doris,Arnold,darnoldp@cnn.com,Female,38.195.51.211
Gloria,Cook,gcookq@posterous.com,Female,138.82.194.236
Ashley,Vasquez,avasquezr@linkedin.com,Female,224.70.227.244
Matthew,Brown,mbrowns@cisco.com,Male,123.187.125.68
Charles,Simpson,csimpsont@house.gov,Male,147.209.244.213
Louise,Mccoy,lmccoyu@joomla.org,Female,7.16.47.53
Louis,Greene,lgreenev@imgur.com,Male,26.32.122.202
Joshua,Palmer,jpalmerw@csmonitor.com,Male,141.92.92.193
Helen,Hunter,hhunterx@vk.com,Female,99.152.89.87
Brenda,Stanley,bstanleyy@google.com.br,Female,104.133.192.77
Laura,Edwards,ledwardsz@creativecommons.org,Female,146.179.194.177
Judith,Stevens,jstevens10@example.com,Female,144.92.204.126
Doris,Ortiz,dortiz11@pinterest.com,Female,146.123.148.18
Philip,Morrison,pmorrison12@studiopress.com,Male,215.78.182.77
Katherine,Alexander,kalexander13@trellian.com,Female,187.88.245.152
Charles,Murray,cmurray14@businessinsider.com,Male,14.242.254.146
Roger,Rice,rrice15@oakley.com,Male,114.125.231.239
Barbara,Russell,brussell16@microsoft.com,Female,27.121.9.113
Irene,Watkins,iwatkins17@discuz.net,Female,145.189.86.151
Judith,Bell,jbell18@typepad.com,Female,157.214.82.66
Donna,Lee,dlee19@usgs.gov,Female,33.205.9.189
Ann,Hernandez,ahernandez1a@infoseek.co.jp,Female,167.161.204.199
Justin,George,jgeorge1b@woothemes.com,Male,133.6.196.78
Richard,Snyder,rsnyder1c@weebly.com,Male,36.3.73.107
Alice,Clark,aclark1d@ustream.tv,Female,185.237.38.198
Ruth,Jenkins,rjenkins1e@youtu.be,Female,53.33.191.113
Paula,Freeman,pfreeman1f@columbia.edu,Female,124.132.149.63
Benjamin,Snyder,bsnyder1g@dropbox.com,Male,56.148.129.182
Shawn,Wallace,swallace1h@acquirethisname.com,Male,99.50.191.46
Louise,Wilson,lwilson1i@wufoo.com,Female,165.150.23.60
Peter,Simmons,psimmons1j@hc360.com,Male,168.98.18.188
Jonathan,Wilson,jwilson1k@t.co,Male,148.67.44.61
Norma,Perez,nperez1l@home.pl,Female,203.17.80.50
Patrick,Morris,pmorris1m@house.gov,Male,49.145.245.79
Andrea,Reed,areed1n@toplist.cz,Female,98.14.199.13
Ryan,Morrison,rmorrison1o@jiathis.com,Male,127.253.25.40
Carl,Richards,crichards1p@umn.edu,Male,146.84.236.216
Michael,George,mgeorge1q@ovh.net,Male,235.50.110.40
Marie,Kelly,mkelly1r@artisteer.com,Female,241.118.69.139
Jessica,Jordan,jjordan1s@cbsnews.com,Female,195.224.111.177
Harry,White,hwhite1t@csmonitor.com,Male,199.223.158.29
Kathy,Webb,kwebb1u@studiopress.com,Female,113.117.115.171
Martin,Spencer,mspencer1v@t.co,Male,97.171.215.20
Walter,Simmons,wsimmons1w@mlb.com,Male,177.208.98.244
Wayne,Nelson,wnelson1x@examiner.com,Male,166.179.32.140
Elizabeth,Diaz,ediaz1y@yellowpages.com,Female,82.42.70.82
Maria,Daniels,mdaniels1z@scientificamerican.com,Female,198.218.218.23
Pamela,Weaver,pweaver20@drupal.org,Female,121.181.187.77
Michelle,Morrison,mmorrison21@gnu.org,Female,42.211.125.55
Beverly,Ramos,bramos22@google.pl,Female,181.100.12.137
Alice,Pierce,apierce23@diigo.com,Female,10.244.171.242
Carlos,Montgomery,cmontgomery24@dropbox.com,Male,41.82.168.240
Jerry,Elliott,jelliott25@google.ca,Male,62.164.27.67
Rose,Pierce,rpierce26@pagesperso-orange.fr,Female,42.247.163.66
Rebecca,Spencer,rspencer27@hud.gov,Female,21.27.194.203
Carolyn,Chapman,cchapman28@artisteer.com,Female,200.50.131.7
Scott,Payne,spayne29@constantcontact.com,Male,219.255.139.167
Victor,Scott,vscott2a@furl.net,Male,53.172.92.42
Jean,Morales,jmorales2b@skyrock.com,Female,79.213.2.120
Nancy,Matthews,nmatthews2c@technorati.com,Female,176.153.75.212
Fred,Scott,fscott2d@xrea.com,Male,34.245.134.94
Jean,Burton,jburton2e@senate.gov,Female,49.29.118.142
Ann,Kelley,akelley2f@jiathis.com,Female,120.122.220.92
Louise,Jacobs,ljacobs2g@si.edu,Female,239.208.23.245
Roy,Crawford,rcrawford2h@washington.edu,Male,98.60.57.207
Louis,Garcia,lgarcia2i@dmoz.org,Male,135.234.88.102
Joseph,Carter,jcarter2j@sciencedaily.com,Male,143.35.224.10
Lori,Gutierrez,lgutierrez2k@delicious.com,Female,218.42.51.4
Judith,Knight,jknight2l@acquirethisname.com,Female,151.230.28.236
Jeremy,Bennett,jbennett2m@usda.gov,Male,158.112.104.33
Arthur,Burton,aburton2n@apple.com,Male,27.107.4.113
Stephen,Dean,sdean2o@godaddy.com,Male,189.9.22.103
Jeremy,Burke,jburke2p@bbb.org,Male,242.84.186.134
Mary,Fox,mfox2q@ovh.net,Female,103.2.12.250
Theresa,Alexander,talexander2r@pinterest.com,Female,173.61.119.184
Frances,Franklin,ffranklin2s@newsvine.com,Female,201.72.153.227
Daniel,Cruz,dcruz2t@ning.com,Male,18.32.53.174
Martin,Burton,mburton2u@booking.com,Male,224.139.28.191
Earl,Stone,estone2v@wisc.edu,Male,11.172.156.61
Ralph,Anderson,randerson2w@tumblr.com,Male,34.81.154.42
Peter,Martin,pmartin2x@technorati.com,Male,134.0.142.82
Carlos,Torres,ctorres2y@springer.com,Male,107.224.25.76
Andrea,Andrews,aandrews2z@home.pl,Female,155.4.19.88
Cynthia,Garrett,cgarrett30@sourceforge.net,Female,131.91.170.253
Janice,White,jwhite31@mapy.cz,Female,245.193.14.19
Julia,Ramirez,jramirez32@t-online.de,Female,197.92.129.204
Joe,Schmidt,jschmidt33@spotify.com,Male,229.78.220.99
John,Moore,jmoore34@yahoo.com,Male,217.234.53.242
Carl,Harper,charper35@wp.com,Male,164.42.166.189
Joan,Webb,jwebb36@liveinternet.ru,Female,147.184.193.97
Norma,Russell,nrussell37@narod.ru,Female,246.82.187.225
Theresa,Bishop,tbishop38@ehow.com,Female,190.126.136.155
Beverly,Hamilton,bhamilton39@tiny.cc,Female,30.132.39.195
Mary,Garza,mgarza3a@businessweek.com,Female,88.208.40.147
Nancy,Hanson,nhanson3b@foxnews.com,Female,58.145.12.83
Brandon,Carroll,bcarroll3c@bbb.org,Male,102.132.88.135
Marilyn,Johnson,mjohnson3d@yellowpages.com,Female,205.1.215.225
Kathryn,Ross,kross3e@ehow.com,Female,40.222.25.175
Tina,Greene,tgreene3f@shinystat.com,Female,46.194.171.246
Daniel,Daniels,ddaniels3g@shinystat.com,Male,133.96.129.122
Kevin,Gilbert,kgilbert3h@trellian.com,Male,190.120.122.153
Betty,Sanchez,bsanchez3i@tuttocitta.it,Female,22.66.90.115
Charles,Owens,cowens3j@google.com,Male,141.80.109.178
Christina,Kim,ckim3k@unc.edu,Female,90.60.19.138
Patricia,Oliver,poliver3l@ask.com,Female,158.207.254.177
Benjamin,Rice,brice3m@homestead.com,Male,197.69.163.55
Steve,Smith,ssmith3n@goodreads.com,Male,185.186.37.181
Beverly,Riley,briley3o@purevolume.com,Female,143.72.216.202
Kathy,Mason,kmason3p@pagesperso-orange.fr,Female,247.203.15.46
Ryan,Watson,rwatson3q@etsy.com,Male,250.101.173.60
Linda,Williamson,lwilliamson3r@gnu.org,Female,247.137.115.205
Alan,Cox,acox3s@princeton.edu,Male,169.247.2.19
Catherine,Ellis,cellis3t@yolasite.com,Female,41.249.227.213
Elizabeth,Stephens,estephens3u@livejournal.com,Female,168.230.103.255
Jennifer,Reyes,jreyes3v@furl.net,Female,85.63.38.4
Steve,Stewart,sstewart3w@about.com,Male,17.230.91.123
Brandon,Collins,bcollins3x@people.com.cn,Male,221.58.142.41
Thomas,Rogers,trogers3y@china.com.cn,Male,232.47.18.22
Carolyn,Sanders,csanders3z@cyberchimps.com,Female,194.108.110.29
Anna,Henderson,ahenderson40@salon.com,Female,142.104.111.85
Philip,Weaver,pweaver41@ihg.com,Male,102.142.201.125
Shirley,Wilson,swilson42@ucoz.ru,Female,22.148.172.106
Alan,Bradley,abradley43@google.es,Male,13.61.156.219
Wayne,Fuller,wfuller44@telegraph.co.uk,Male,137.169.140.207
Phyllis,Olson,polson45@apple.com,Female,73.118.79.237
Barbara,Burns,bburns46@gov.uk,Female,20.138.155.78
Linda,Dixon,ldixon47@pcworld.com,Female,50.52.204.149
Janet,Day,jday48@ehow.com,Female,212.59.121.49
Janice,Hanson,jhanson49@simplemachines.org,Female,67.134.82.28
Julie,Nichols,jnichols4a@narod.ru,Female,116.15.206.88
Sandra,Knight,sknight4b@technorati.com,Female,125.80.13.247
Angela,Bradley,abradley4c@xing.com,Female,98.198.166.203
Larry,Gonzalez,lgonzalez4d@soundcloud.com,Male,250.232.242.28
Stephanie,Price,sprice4e@etsy.com,Female,189.254.70.131
Edward,Lawson,elawson4f@seattletimes.com,Male,180.12.201.75
Nicole,Davis,ndavis4g@trellian.com,Female,139.229.141.36
Victor,Snyder,vsnyder4h@dagondesign.com,Male,62.17.94.29
Justin,Woods,jwoods4i@flavors.me,Male,233.237.250.166
Louis,Stanley,lstanley4j@amazonaws.com,Male,155.59.128.145
Justin,Robertson,jrobertson4k@zimbio.com,Male,100.179.149.85
Sean,Larson,slarson4l@tuttocitta.it,Male,140.216.32.244
Anna,Gonzales,agonzales4m@artisteer.com,Female,70.51.164.36
Joe,Larson,jlarson4n@canalblog.com,Male,31.31.89.172
Ruby,James,rjames4o@oakley.com,Female,107.72.238.97
Dennis,Flores,dflores4p@tumblr.com,Male,0.68.253.190
John,Hamilton,jhamilton4q@blogs.com,Male,214.125.197.52
Clarence,Anderson,canderson4r@umich.edu,Male,126.49.75.142
Jessica,Bishop,jbishop4s@typepad.com,Female,73.128.45.90
Melissa,Harrison,mharrison4t@goodreads.com,Female,239.75.140.5
Ryan,Cook,rcook4u@liveinternet.ru,Male,124.248.27.111
Jonathan,Snyder,jsnyder4v@ted.com,Male,144.63.209.35
Ralph,Smith,rsmith4w@is.gd,Male,198.92.103.121
Raymond,Ryan,rryan4x@comsenz.com,Male,124.37.186.237
Phillip,Jordan,pjordan4y@eepurl.com,Male,62.89.4.238
Aaron,Lopez,alopez4z@typepad.com,Male,85.45.124.172
Fred,Henderson,fhenderson50@amazon.co.jp,Male,63.197.106.4
Paula,Hart,phart51@census.gov,Female,43.107.150.170
Denise,Richardson,drichardson52@boston.com,Female,175.89.124.168
Julia,Sanchez,jsanchez53@cdc.gov,Female,226.205.162.194
Joseph,Carroll,jcarroll54@weebly.com,Male,217.45.0.240
Emily,Simpson,esimpson55@marriott.com,Female,80.39.85.74
Michelle,Hicks,mhicks56@slashdot.org,Female,37.78.244.98
Charles,Lopez,clopez57@typepad.com,Male,143.237.146.160
Wanda,Wheeler,wwheeler58@un.org,Female,124.246.241.28
Helen,Brown,hbrown59@indiegogo.com,Female,231.99.115.120
Kathryn,Washington,kwashington5a@amazon.co.jp,Female,166.172.157.154
Tammy,Rogers,trogers5b@google.fr,Female,113.164.108.73
Eric,Nelson,enelson5c@delicious.com,Male,240.203.134.62
Jesse,Kennedy,jkennedy5d@networkadvertising.org,Male,162.66.213.53
Johnny,Roberts,jroberts5e@sciencedirect.com,Male,151.157.32.75
Robert,Baker,rbaker5f@studiopress.com,Male,18.34.55.149
Louise,Bailey,lbailey5g@bravesites.com,Female,83.94.254.201
Helen,Jenkins,hjenkins5h@princeton.edu,Female,113.151.200.99
Anna,Myers,amyers5i@bbc.co.uk,Female,232.70.68.144
Cheryl,Adams,cadams5j@deviantart.com,Female,86.143.116.1
Louise,Hayes,lhayes5k@delicious.com,Female,249.149.144.194
Gloria,Shaw,gshaw5l@linkedin.com,Female,242.215.107.7
Bobby,Scott,bscott5m@techcrunch.com,Male,60.231.226.194
Kevin,Castillo,kcastillo5n@slashdot.org,Male,197.71.53.89
Dorothy,Davis,ddavis5o@github.com,Female,75.71.88.208
Edward,Stephens,estephens5p@jigsy.com,Male,137.59.1.138
Eugene,Green,egreen5q@mlb.com,Male,191.38.10.111
Shawn,Hall,shall5r@youtu.be,Male,46.229.48.28
Louise,Schmidt,lschmidt5s@sourceforge.net,Female,126.28.89.116
Bonnie,Mason,bmason5t@apple.com,Female,131.3.72.114
Charles,Green,cgreen5u@privacy.gov.au,Male,0.176.187.197
William,Russell,wrussell5v@printfriendly.com,Male,238.50.40.148
Antonio,Hayes,ahayes5w@themeforest.net,Male,85.232.97.225
Cynthia,Rodriguez,crodriguez5x@newyorker.com,Female,16.97.213.39
Jack,Reed,jreed5y@stanford.edu,Male,173.251.233.53
Samuel,Gray,sgray5z@businessinsider.com,Male,122.7.159.65
Chris,Ferguson,cferguson60@nih.gov,Male,195.142.197.186
Michelle,Torres,mtorres61@usda.gov,Female,102.78.154.64
Harry,Nguyen,hnguyen62@cmu.edu,Male,59.147.38.180
Kevin,Payne,kpayne63@washington.edu,Male,67.22.150.201
Beverly,Morales,bmorales64@etsy.com,Female,145.115.173.105
Lori,Lane,llane65@jiathis.com,Female,204.170.187.244
Kathy,Wallace,kwallace66@smh.com.au,Female,191.171.25.152
Jose,James,jjames67@php.net,Male,155.159.254.179
Carol,Hanson,chanson68@state.gov,Female,127.248.131.129
Keith,Matthews,kmatthews69@boston.com,Male,86.104.66.229
Wanda,Howell,whowell6a@fc2.com,Female,11.98.156.201
Jane,Franklin,jfranklin6b@howstuffworks.com,Female,247.241.214.153
Jack,Hanson,jhanson6c@hatena.ne.jp,Male,30.112.12.30
Craig,Bryant,cbryant6d@timesonline.co.uk,Male,205.26.233.161
William,Russell,wrussell6e@mysql.com,Male,217.84.227.162
Sean,Diaz,sdiaz6f@sbwire.com,Male,196.42.113.137
Sara,Hall,shall6g@addtoany.com,Female,2.13.7.226
Nicholas,Dixon,ndixon6h@springer.com,Male,181.238.11.204
Patricia,Nichols,pnichols6i@columbia.edu,Female,230.81.173.34
Alice,Martinez,amartinez6j@illinois.edu,Female,166.59.178.58
Brian,Powell,bpowell6k@stanford.edu,Male,189.230.188.7
Pamela,Carroll,pcarroll6l@booking.com,Female,210.228.119.28
Douglas,Carr,dcarr6m@artisteer.com,Male,143.19.64.210
Thomas,Allen,tallen6n@linkedin.com,Male,250.101.85.212
Alice,Nelson,anelson6o@bbc.co.uk,Female,30.152.217.211
Tammy,Turner,tturner6p@github.io,Female,157.133.32.1
Joseph,Bishop,jbishop6q@scribd.com,Male,116.239.100.152
Beverly,Torres,btorres6r@theguardian.com,Female,218.29.69.86
Wanda,Morrison,wmorrison6s@fc2.com,Female,2.0.71.115
Samuel,Burke,sburke6t@squarespace.com,Male,89.7.104.166
Steven,Lopez,slopez6u@yahoo.com,Male,213.99.15.40
Lori,Welch,lwelch6v@hao123.com,Female,52.240.52.64
Joseph,Franklin,jfranklin6w@ted.com,Male,237.190.232.32
Diana,Campbell,dcampbell6x@vimeo.com,Female,84.221.172.250
Marilyn,Richardson,mrichardson6y@icq.com,Female,72.134.17.243
Rose,Robinson,rrobinson6z@seesaa.net,Female,67.41.32.69
Carolyn,Mitchell,cmitchell70@de.vu,Female,60.57.185.77
Harold,Weaver,hweaver71@biblegateway.com,Male,202.173.53.59
Virginia,Little,vlittle72@accuweather.com,Female,2.165.127.155
Nancy,Wright,nwright73@kickstarter.com,Female,183.16.74.227
Andrea,Gonzales,agonzales74@adobe.com,Female,92.72.47.206
Tina,Green,tgreen75@weebly.com,Female,164.157.206.31
Jason,Oliver,joliver76@cisco.com,Male,7.143.49.109
Samuel,Ruiz,sruiz77@weibo.com,Male,136.68.12.194
Donna,Carpenter,dcarpenter78@wsj.com,Female,191.1.155.180
Patricia,Nichols,pnichols79@phoca.cz,Female,41.97.130.200
Benjamin,Schmidt,bschmidt7a@biglobe.ne.jp,Male,74.222.115.3
Juan,Lawrence,jlawrence7b@kickstarter.com,Male,93.30.11.129
Rachel,Armstrong,rarmstrong7c@zdnet.com,Female,237.14.102.229
Bobby,Vasquez,bvasquez7d@cnet.com,Male,174.168.250.74
Anne,Pierce,apierce7e@princeton.edu,Female,38.208.79.78
Donna,Pierce,dpierce7f@archive.org,Female,146.232.248.105
Irene,Ward,iward7g@msn.com,Female,11.77.216.158
Aaron,Lawrence,alawrence7h@zdnet.com,Male,211.204.158.43
Catherine,Ellis,cellis7i@newsvine.com,Female,148.109.171.105
Mark,Carter,mcarter7j@imageshack.us,Male,249.12.117.108
Juan,Hall,jhall7k@eepurl.com,Male,242.57.195.80
Kelly,Richards,krichards7l@paypal.com,Female,112.205.120.78
Louise,Watson,lwatson7m@kickstarter.com,Female,148.159.185.8
Diana,Day,dday7n@nytimes.com,Female,215.202.106.57
Sarah,Thompson,sthompson7o@dailymotion.com,Female,100.149.245.29
Ruth,Alvarez,ralvarez7p@home.pl,Female,135.24.78.175
Nicole,Stone,nstone7q@meetup.com,Female,165.67.224.254
Ronald,Holmes,rholmes7r@multiply.com,Male,229.253.105.181
Sara,Perry,sperry7s@time.com,Female,199.24.255.100
Norma,Wright,nwright7t@bandcamp.com,Female,199.187.95.92
Lori,Robinson,lrobinson7u@cdbaby.com,Female,176.109.251.225
Jesse,Ramirez,jramirez7v@homestead.com,Male,152.36.119.107
Shawn,Murray,smurray7w@psu.edu,Male,13.54.226.0
Patricia,Oliver,poliver7x@barnesandnoble.com,Female,117.12.95.204
John,Hart,jhart7y@gnu.org,Male,168.106.52.11
Diana,Williams,dwilliams7z@freewebs.com,Female,190.226.137.128
Jeremy,Kelly,jkelly80@usda.gov,Male,105.22.226.246
Harry,Vasquez,hvasquez81@newsvine.com,Male,170.54.161.166
Tammy,Myers,tmyers82@foxnews.com,Female,104.225.86.230
Marie,West,mwest83@nydailynews.com,Female,78.24.211.38
Jeremy,Ward,jward84@g.co,Male,170.131.159.117
Alice,Williams,awilliams85@mlb.com,Female,15.183.242.0
Craig,Hall,chall86@discuz.net,Male,136.176.78.104
Edward,Snyder,esnyder87@xing.com,Male,15.181.87.186
Alan,Fox,afox88@epa.gov,Male,188.15.250.233
Jonathan,Price,jprice89@geocities.jp,Male,58.171.210.230
Denise,Arnold,darnold8a@indiegogo.com,Female,130.178.196.10
Rebecca,Mendoza,rmendoza8b@eepurl.com,Female,182.90.244.248
Carolyn,Carr,ccarr8c@w3.org,Female,203.66.20.71
Irene,Cox,icox8d@dion.ne.jp,Female,194.94.250.226
Carol,Owens,cowens8e@privacy.gov.au,Female,21.136.117.57
Rebecca,Carr,rcarr8f@cmu.edu,Female,169.102.241.167
Katherine,Garrett,kgarrett8g@hubpages.com,Female,75.129.158.43
Steve,Tucker,stucker8h@1688.com,Male,247.233.145.128
Kenneth,Ward,kward8i@amazonaws.com,Male,254.222.64.113
Jeremy,Hicks,jhicks8j@bandcamp.com,Male,104.19.142.128
Ruth,Sims,rsims8k@statcounter.com,Female,116.250.143.116
Charles,Carter,ccarter8l@mysql.com,Male,221.209.214.97
Douglas,Kennedy,dkennedy8m@hexun.com,Male,45.152.134.22
Scott,Scott,sscott8n@weather.com,Male,241.94.80.181
Katherine,Hawkins,khawkins8o@tuttocitta.it,Female,178.161.245.129
Pamela,Welch,pwelch8p@behance.net,Female,46.185.254.83
Louis,Harris,lharris8q@nymag.com,Male,62.184.135.210
Michael,Peterson,mpeterson8r@hp.com,Male,70.169.149.119
James,Rose,jrose8s@gravatar.com,Male,237.105.139.174
Jeremy,Morgan,jmorgan8t@google.es,Male,204.114.253.251
Amanda,Thompson,athompson8u@yelp.com,Female,139.48.220.233
Steve,Mcdonald,smcdonald8v@sbwire.com,Male,140.58.78.116
Eugene,Andrews,eandrews8w@google.nl,Male,154.104.151.17
Wayne,Montgomery,wmontgomery8x@networkadvertising.org,Male,220.19.51.102
Christopher,Medina,cmedina8y@fema.gov,Male,191.165.34.243
Jerry,Rogers,jrogers8z@studiopress.com,Male,202.240.144.232
Shirley,Franklin,sfranklin90@wikipedia.org,Female,215.98.137.125
Samuel,Martin,smartin91@360.cn,Male,76.254.179.112
Alice,Ryan,aryan92@google.ru,Female,92.29.75.71
Carolyn,Knight,cknight93@qq.com,Female,73.227.221.54
Debra,Grant,dgrant94@tumblr.com,Female,178.62.217.16
Walter,Miller,wmiller95@youtube.com,Male,35.223.64.253
Ashley,Ramirez,aramirez96@mapy.cz,Female,147.112.77.226
Kevin,Hansen,khansen97@cloudflare.com,Male,37.15.11.111
Carl,Griffin,cgriffin98@dagondesign.com,Male,86.114.28.252
Brenda,Gibson,bgibson99@ebay.co.uk,Female,34.58.10.147
Anna,Andrews,aandrews9a@state.tx.us,Female,67.20.5.42
Gloria,Reid,greid9b@netvibes.com,Female,161.58.163.9
Frances,Daniels,fdaniels9c@bloomberg.com,Female,102.123.220.192
John,Young,jyoung9d@joomla.org,Male,32.91.249.237
Joe,Mendoza,jmendoza9e@go.com,Male,48.229.17.74
Michelle,Harrison,mharrison9f@soundcloud.com,Female,121.158.194.169
Diane,Russell,drussell9g@rambler.ru,Female,117.186.158.21
Angela,Howell,ahowell9h@cbslocal.com,Female,148.188.67.64
Michelle,Long,mlong9i@ocn.ne.jp,Female,24.52.111.236
Deborah,Martin,dmartin9j@shutterfly.com,Female,12.243.164.41
Barbara,Mccoy,bmccoy9k@apache.org,Female,41.250.144.23
Pamela,Hanson,phanson9l@ocn.ne.jp,Female,78.248.228.16
Pamela,Reid,preid9m@fda.gov,Female,104.95.92.188
Gregory,Hughes,ghughes9n@prlog.org,Male,242.241.73.137
Kathleen,Carr,kcarr9o@google.de,Female,218.173.99.151
Carolyn,Sanchez,csanchez9p@hc360.com,Female,101.7.99.70
Roger,Cruz,rcruz9q@time.com,Male,178.189.207.243
Gloria,Nguyen,gnguyen9r@usnews.com,Female,234.141.15.131
George,Knight,gknight9s@state.tx.us,Male,231.231.19.225
Edward,Garza,egarza9t@ocn.ne.jp,Male,69.131.51.200
Karen,Woods,kwoods9u@princeton.edu,Female,216.60.162.216
Randy,Cox,rcox9v@parallels.com,Male,193.175.122.234
Carol,Martinez,cmartinez9w@house.gov,Female,90.196.242.254
Emily,Taylor,etaylor9x@devhub.com,Female,195.74.171.163
Susan,Fisher,sfisher9y@php.net,Female,25.69.130.79
Roy,Vasquez,rvasquez9z@printfriendly.com,Male,40.206.140.173
Robin,Perkins,rperkinsa0@independent.co.uk,Female,130.233.5.1
Justin,Welch,jwelcha1@reverbnation.com,Male,38.68.48.173
David,Rodriguez,drodrigueza2@examiner.com,Male,47.202.26.230
Timothy,Turner,tturnera3@loc.gov,Male,131.217.221.12
Steve,Wilson,swilsona4@goo.gl,Male,85.1.49.82
Shawn,Griffin,sgriffina5@nydailynews.com,Male,206.231.119.207
Jane,Bell,jbella6@google.cn,Female,137.209.31.209
Margaret,Knight,mknighta7@ed.gov,Female,175.135.225.40
Albert,Watkins,awatkinsa8@merriam-webster.com,Male,93.160.96.150
Beverly,Richards,brichardsa9@shop-pro.jp,Female,137.35.215.30
Nicholas,Watson,nwatsonaa@a8.net,Male,102.143.226.41
Randy,Austin,raustinab@sphinn.com,Male,219.21.65.58
Albert,Rogers,arogersac@simplemachines.org,Male,71.208.237.204
Deborah,Watson,dwatsonad@newyorker.com,Female,179.251.93.6
Rebecca,Welch,rwelchae@diigo.com,Female,104.62.98.206
Gerald,Henry,ghenryaf@bloglovin.com,Male,233.227.67.23
Deborah,Price,dpriceag@theglobeandmail.com,Female,140.39.217.57
Heather,Stewart,hstewartah@reddit.com,Female,204.141.38.128
Jerry,Gray,jgrayai@blogtalkradio.com,Male,185.71.37.62
Stephanie,Oliver,soliveraj@geocities.jp,Female,250.197.205.193
Sharon,Perry,sperryak@fema.gov,Female,104.4.90.133
Linda,Franklin,lfranklinal@home.pl,Female,253.216.255.57
Ann,Frazier,afrazieram@seattletimes.com,Female,0.113.122.30
Larry,Riley,lrileyan@squarespace.com,Male,32.98.117.31
Nicholas,Sanders,nsandersao@time.com,Male,153.81.55.53
Bruce,Hicks,bhicksap@princeton.edu,Male,96.96.231.177
Steven,Hansen,shansenaq@miitbeian.gov.cn,Male,1.180.29.116
Julia,Arnold,jarnoldar@ucoz.ru,Female,226.84.26.207
Philip,George,pgeorgeas@1und1.de,Male,56.163.221.115
Sandra,Hayes,shayesat@360.cn,Female,83.235.125.208
Henry,Hughes,hhughesau@sina.com.cn,Male,123.122.0.12
Gregory,Ross,grossav@bloglovin.com,Male,197.81.125.142
Phyllis,Gardner,pgardneraw@unicef.org,Female,15.214.73.13
Michelle,Wagner,mwagnerax@newyorker.com,Female,56.52.105.215
Samuel,Coleman,scolemanay@slideshare.net,Male,5.56.93.15
Patricia,Dunn,pdunnaz@flavors.me,Female,33.208.148.197
Jesse,Kennedy,jkennedyb0@washington.edu,Male,19.205.157.155
Aaron,Cooper,acooperb1@tripod.com,Male,162.204.210.36
Ronald,Hawkins,rhawkinsb2@wikia.com,Male,94.238.156.148
Richard,Nelson,rnelsonb3@sun.com,Male,13.209.230.44
Helen,Castillo,hcastillob4@slashdot.org,Female,73.36.171.81
Jason,Fernandez,jfernandezb5@berkeley.edu,Male,142.233.123.155
Randy,Wells,rwellsb6@joomla.org,Male,146.121.86.61
Theresa,Schmidt,tschmidtb7@google.ru,Female,137.184.58.143
Karen,Young,kyoungb8@sciencedaily.com,Female,77.132.130.52
Aaron,Alvarez,aalvarezb9@vkontakte.ru,Male,106.213.194.234
Norma,Phillips,nphillipsba@ask.com,Female,93.197.195.102
Virginia,Stewart,vstewartbb@discuz.net,Female,76.62.67.28
Joe,Dunn,jdunnbc@usa.gov,Male,183.42.76.171
Juan,Harper,jharperbd@tripod.com,Male,48.111.118.195
Katherine,Castillo,kcastillobe@1und1.de,Female,215.150.151.209
Joshua,Weaver,jweaverbf@guardian.co.uk,Male,69.239.181.13
Marie,Ortiz,mortizbg@usnews.com,Female,64.241.228.105
Lori,Hunt,lhuntbh@domainmarket.com,Female,98.14.57.189
Justin,Williamson,jwilliamsonbi@newsvine.com,Male,232.56.245.203
Anna,Jackson,ajacksonbj@surveymonkey.com,Female,109.206.148.194
Richard,Gomez,rgomezbk@google.es,Male,66.55.12.232
Antonio,Cooper,acooperbl@mayoclinic.com,Male,148.170.72.17
Jesse,Henry,jhenrybm@cdbaby.com,Male,116.51.26.230
Victor,Dean,vdeanbn@drupal.org,Male,140.100.92.76
Stephen,Bryant,sbryantbo@behance.net,Male,139.109.152.152
Justin,Mills,jmillsbp@technorati.com,Male,30.95.80.93
Virginia,Rice,vricebq@dropbox.com,Female,78.184.158.42
Phyllis,Jackson,pjacksonbr@google.de,Female,93.123.225.176
Janice,Elliott,jelliottbs@blog.com,Female,21.79.115.193
Kathryn,Walker,kwalkerbt@joomla.org,Female,0.182.44.102
Roy,Oliver,roliverbu@hhs.gov,Male,17.121.72.142
Judy,Garza,jgarzabv@histats.com,Female,171.126.250.27
Joshua,Gilbert,jgilbertbw@nbcnews.com,Male,183.63.237.118
Paul,Austin,paustinbx@hp.com,Male,200.242.240.249
Larry,Lopez,llopezby@netlog.com,Male,210.205.177.217
Douglas,Roberts,drobertsbz@businessweek.com,Male,107.248.57.233
Julie,Rose,jrosec0@posterous.com,Female,225.50.55.85
Jimmy,Lynch,jlynchc1@seattletimes.com,Male,93.226.13.240
Michelle,Bishop,mbishopc2@house.gov,Female,193.130.197.236
Jeffrey,Harper,jharperc3@163.com,Male,34.223.162.33
Larry,Price,lpricec4@cpanel.net,Male,97.249.222.142
Ryan,Reid,rreidc5@huffingtonpost.com,Male,51.32.105.140
Ruby,Spencer,rspencerc6@sitemeter.com,Female,154.15.46.136
Julia,Riley,jrileyc7@dailymotion.com,Female,155.9.20.188
Marie,Ford,mfordc8@yellowbook.com,Female,16.148.239.237
Wayne,Daniels,wdanielsc9@nba.com,Male,218.202.3.182
Ann,Myers,amyersca@sourceforge.net,Female,126.184.238.20
Roger,Duncan,rduncancb@seattletimes.com,Male,124.59.43.120
Eugene,Bowman,ebowmancc@census.gov,Male,3.191.135.100
Martha,Perkins,mperkinscd@mediafire.com,Female,28.134.81.250
Thomas,Fields,tfieldsce@dropbox.com,Male,224.135.213.193
Melissa,Daniels,mdanielscf@chron.com,Female,165.84.89.72
Larry,Bell,lbellcg@imageshack.us,Male,41.202.208.186
Billy,Gutierrez,bgutierrezch@shinystat.com,Male,71.16.241.77
Patrick,Gardner,pgardnerci@admin.ch,Male,91.238.120.34
Ruth,Cook,rcookcj@census.gov,Female,130.14.21.105
Antonio,Morrison,amorrisonck@wufoo.com,Male,131.70.20.181
Eric,Carter,ecartercl@themeforest.net,Male,54.156.13.4
Nicole,Watson,nwatsoncm@joomla.org,Female,65.46.110.13
Shawn,Garcia,sgarciacn@lulu.com,Male,45.36.243.144
Marie,Grant,mgrantco@fema.gov,Female,202.138.12.75
Tammy,Ramirez,tramirezcp@livejournal.com,Female,74.206.249.49
Ralph,Kelley,rkelleycq@cbslocal.com,Male,179.184.116.27
Robin,Vasquez,rvasquezcr@cafepress.com,Female,149.42.74.11
Timothy,Moreno,tmorenocs@is.gd,Male,124.140.108.182
Todd,Garcia,tgarciact@guardian.co.uk,Male,224.174.1.13
Stephanie,Cunningham,scunninghamcu@yandex.ru,Female,175.180.164.241
Julia,Mitchell,jmitchellcv@mozilla.com,Female,141.238.247.216
Carlos,Ramirez,cramirezcw@live.com,Male,228.101.46.250
Gloria,Carr,gcarrcx@cbc.ca,Female,168.43.147.195
Jacqueline,Hall,jhallcy@ted.com,Female,189.193.79.77
Kathleen,Stephens,kstephenscz@earthlink.net,Female,46.247.36.142
Ruth,Thompson,rthompsond0@mozilla.com,Female,171.27.75.194
Mary,Chapman,mchapmand1@smugmug.com,Female,90.135.143.153
Adam,Porter,aporterd2@t.co,Male,229.226.191.102
Patrick,Grant,pgrantd3@ox.ac.uk,Male,93.113.252.140
Lori,Pierce,lpierced4@phoca.cz,Female,77.196.4.124
Clarence,Wells,cwellsd5@nymag.com,Male,46.96.149.27
Harold,Gonzales,hgonzalesd6@prlog.org,Male,136.122.38.109
Emily,Howard,ehowardd7@dell.com,Female,170.177.243.132
Debra,Wells,dwellsd8@jigsy.com,Female,55.190.47.163
Anthony,Myers,amyersd9@ibm.com,Male,233.18.154.101
Christina,Hunt,chuntda@wired.com,Female,248.242.88.8
Debra,Cole,dcoledb@feedburner.com,Female,206.135.161.231
Susan,Robertson,srobertsondc@tuttocitta.it,Female,112.249.244.15
Brenda,Montgomery,bmontgomerydd@prnewswire.com,Female,225.255.107.235
Shawn,Howell,showellde@diigo.com,Male,82.144.61.9
Pamela,Knight,pknightdf@taobao.com,Female,110.166.129.134
Carolyn,Franklin,cfranklindg@pinterest.com,Female,216.61.44.128
Joseph,Dunn,jdunndh@amazon.co.uk,Male,5.121.217.241
Anthony,Gordon,agordondi@jiathis.com,Male,25.201.232.23
Marie,Rivera,mriveradj@google.it,Female,139.49.132.110
Wanda,Moore,wmooredk@toplist.cz,Female,38.171.170.136
Irene,Berry,iberrydl@ocn.ne.jp,Female,27.6.202.119
Jeremy,Fernandez,jfernandezdm@umn.edu,Male,121.150.93.2
Phyllis,Hudson,phudsondn@statcounter.com,Female,40.8.16.246
Marilyn,Hunt,mhuntdo@sphinn.com,Female,94.82.193.209
Billy,Nguyen,bnguyendp@patch.com,Male,45.131.170.207
Katherine,Collins,kcollinsdq@mediafire.com,Female,245.211.89.1
Shawn,Harvey,sharveydr@marriott.com,Male,254.125.87.141
Richard,Oliver,roliverds@ask.com,Male,136.146.212.64
Susan,Marshall,smarshalldt@parallels.com,Female,55.95.152.61
Rose,Ford,rforddu@tripod.com,Female,39.1.80.112
Douglas,Peters,dpetersdv@foxnews.com,Male,226.200.219.251
Helen,Taylor,htaylordw@google.nl,Female,219.134.128.213
Diana,Edwards,dedwardsdx@accuweather.com,Female,107.243.80.27
Gary,Larson,glarsondy@ftc.gov,Male,183.197.255.17
Melissa,Welch,mwelchdz@sakura.ne.jp,Female,7.179.215.110
James,Johnson,jjohnsone0@gravatar.com,Male,234.187.26.210
Maria,Simmons,msimmonse1@nature.com,Female,229.165.239.124
Julia,Williams,jwilliamse2@tuttocitta.it,Female,30.233.127.242
Christopher,Ortiz,cortize3@quantcast.com,Male,140.243.167.210
Marilyn,Vasquez,mvasqueze4@barnesandnoble.com,Female,197.5.0.226
Craig,Price,cpricee5@usatoday.com,Male,253.90.242.178
Howard,Wallace,hwallacee6@discuz.net,Male,184.230.50.124
Willie,Moore,wmooree7@netvibes.com,Male,111.182.35.174
Patricia,Grant,pgrante8@ovh.net,Female,148.11.81.31
Margaret,Little,mlittlee9@mac.com,Female,103.201.144.118
Virginia,Hughes,vhughesea@shutterfly.com,Female,251.192.95.131
Gloria,Wheeler,gwheelereb@pbs.org,Female,184.10.253.145
Richard,Carpenter,rcarpenterec@pagesperso-orange.fr,Male,14.134.47.118
Terry,Fowler,tfowlered@paypal.com,Male,149.164.83.63
Karen,Hudson,khudsonee@hc360.com,Female,14.115.180.30
Anna,Harper,aharperef@dmoz.org,Female,14.190.230.88
Emily,Reed,ereedeg@home.pl,Female,70.39.201.157
Aaron,Parker,aparkereh@dot.gov,Male,116.104.253.66
Andrea,Hanson,ahansonei@ihg.com,Female,70.166.53.51
Shirley,Hudson,shudsonej@rediff.com,Female,99.41.108.193
Charles,Gilbert,cgilbertek@wordpress.com,Male,93.81.188.241
Albert,Russell,arussellel@technorati.com,Male,39.175.73.8
Tammy,Fisher,tfisherem@ibm.com,Female,254.70.209.76
Robin,Mitchell,rmitchellen@shop-pro.jp,Female,238.55.228.224
Roger,Burton,rburtoneo@census.gov,Male,210.65.160.211
Wayne,Nichols,wnicholsep@pbs.org,Male,20.137.191.94
Amy,Smith,asmitheq@accuweather.com,Female,147.58.106.174
Robin,Powell,rpoweller@google.co.uk,Female,167.93.176.127
Sharon,Fowler,sfowleres@wp.com,Female,205.229.156.219
Sarah,Foster,sfosteret@jugem.jp,Female,137.105.151.58
Eric,Bryant,ebryanteu@trellian.com,Male,190.42.17.251
Ralph,Turner,rturnerev@admin.ch,Male,130.240.105.90
Paula,Hughes,phughesew@nsw.gov.au,Female,197.252.150.199
Mary,Dean,mdeanex@skyrock.com,Female,128.236.228.19
Robert,Morrison,rmorrisoney@infoseek.co.jp,Male,111.64.84.0
Teresa,Jones,tjonesez@typepad.com,Female,219.220.167.208
Clarence,Vasquez,cvasquezf0@eventbrite.com,Male,135.148.93.202
Aaron,Mills,amillsf1@apple.com,Male,227.225.177.143
Julie,Jordan,jjordanf2@discovery.com,Female,202.69.171.137
Clarence,Gilbert,cgilbertf3@craigslist.org,Male,223.180.109.149
Norma,Mason,nmasonf4@pen.io,Female,79.255.124.119
Janet,Kim,jkimf5@example.com,Female,109.171.124.15
George,Montgomery,gmontgomeryf6@weibo.com,Male,220.196.203.10
Robert,Ferguson,rfergusonf7@wix.com,Male,32.29.122.94
Martin,Gomez,mgomezf8@ted.com,Male,110.95.99.155
Albert,Boyd,aboydf9@last.fm,Male,240.249.241.46
Linda,Vasquez,lvasquezfa@dedecms.com,Female,239.149.242.10
Pamela,Cook,pcookfb@apache.org,Female,91.106.251.254
Jose,Smith,jsmithfc@cnn.com,Male,47.123.141.185
Christine,Carroll,ccarrollfd@miibeian.gov.cn,Female,220.104.94.65
Chris,Ellis,cellisfe@blogtalkradio.com,Male,63.137.209.145
Harry,Henderson,hhendersonff@lycos.com,Male,219.139.238.39
Mark,Alvarez,malvarezfg@webmd.com,Male,54.231.249.169
Stephanie,Cook,scookfh@vistaprint.com,Female,185.176.11.196
Annie,Webb,awebbfi@creativecommons.org,Female,111.56.242.145
Ernest,Elliott,eelliottfj@state.tx.us,Male,156.226.69.116
Howard,Mendoza,hmendozafk@plala.or.jp,Male,189.245.171.12
Ruth,Gonzales,rgonzalesfl@rambler.ru,Female,23.99.213.113
Beverly,Nichols,bnicholsfm@epa.gov,Female,178.17.2.206
Brian,Reid,breidfn@pagesperso-orange.fr,Male,250.109.10.120
Russell,Ortiz,rortizfo@who.int,Male,101.43.222.87
Earl,Chapman,echapmanfp@gnu.org,Male,163.146.85.255
Henry,Ramirez,hramirezfq@cpanel.net,Male,216.164.109.120
Mildred,Weaver,mweaverfr@tuttocitta.it,Female,76.74.150.148
Patrick,Davis,pdavisfs@about.com,Male,176.225.64.47
Judy,Adams,jadamsft@imdb.com,Female,133.19.97.81
Alan,Turner,aturnerfu@hugedomains.com,Male,226.51.142.158
Harold,Myers,hmyersfv@mashable.com,Male,211.119.19.40
Eric,Hansen,ehansenfw@usnews.com,Male,230.122.206.142
Kenneth,Peterson,kpetersonfx@friendfeed.com,Male,245.68.189.49
Brenda,Bishop,bbishopfy@edublogs.org,Female,74.52.74.143
Beverly,Carroll,bcarrollfz@diigo.com,Female,7.180.212.106
Phillip,Fisher,pfisherg0@hc360.com,Male,97.206.85.33
Jonathan,Ruiz,jruizg1@elpais.com,Male,15.66.44.85
Lisa,Myers,lmyersg2@vistaprint.com,Female,162.229.102.152
Virginia,Little,vlittleg3@phoca.cz,Female,181.14.111.136
Jose,Coleman,jcolemang4@microsoft.com,Male,30.103.74.175
Carl,Gonzales,cgonzalesg5@answers.com,Male,142.142.48.76
Peter,Long,plongg6@newyorker.com,Male,55.240.244.124
Adam,Anderson,aandersong7@xinhuanet.com,Male,91.210.188.249
Alan,Perkins,aperkinsg8@nba.com,Male,100.239.38.201
Amy,Miller,amillerg9@chron.com,Female,87.157.234.143
Anne,Nichols,anicholsga@earthlink.net,Female,201.246.183.192
Shirley,Bishop,sbishopgb@fema.gov,Female,240.227.78.165
Roy,Williams,rwilliamsgc@furl.net,Male,188.63.176.243
Kathryn,Turner,kturnergd@yandex.ru,Female,228.26.210.7
Brenda,Richardson,brichardsonge@etsy.com,Female,145.17.5.224
Judith,Pierce,jpiercegf@imageshack.us,Female,254.167.43.36
Richard,Riley,rrileygg@msn.com,Male,248.154.1.196
Evelyn,Hernandez,ehernandezgh@aol.com,Female,41.254.144.130
George,Martin,gmartingi@comcast.net,Male,62.170.122.38
Carolyn,Harper,charpergj@ucoz.com,Female,18.232.166.10
Angela,Burns,aburnsgk@simplemachines.org,Female,38.120.67.216
Anthony,Bennett,abennettgl@noaa.gov,Male,164.86.14.215
Michael,Morales,mmoralesgm@telegraph.co.uk,Male,127.55.102.174
Wayne,George,wgeorgegn@studiopress.com,Male,238.158.119.222
Timothy,West,twestgo@dyndns.org,Male,81.47.186.26
Raymond,Pierce,rpiercegp@thetimes.co.uk,Male,9.136.60.79
Steven,Martinez,smartinezgq@about.com,Male,72.77.178.114
Richard,Price,rpricegr@a8.net,Male,49.95.23.250
Aaron,Banks,abanksgs@ocn.ne.jp,Male,69.35.215.107
Amanda,Hart,ahartgt@twitter.com,Female,254.179.231.129
Angela,Chapman,achapmangu@princeton.edu,Female,64.212.124.182
Jose,Harrison,jharrisongv@statcounter.com,Male,223.250.241.171
Pamela,Burke,pburkegw@dedecms.com,Female,67.3.2.196
Howard,Arnold,harnoldgx@wordpress.org,Male,86.228.227.97
Ronald,Gonzales,rgonzalesgy@friendfeed.com,Male,186.15.40.239
Jessica,Jackson,jjacksongz@princeton.edu,Female,7.159.122.76
Christine,Gonzalez,cgonzalezh0@tmall.com,Female,190.189.176.175
Ernest,Lawrence,elawrenceh1@macromedia.com,Male,234.156.8.146
Kimberly,Stephens,kstephensh2@google.fr,Female,224.11.36.241
Roger,Morgan,rmorganh3@jiathis.com,Male,237.248.24.226
Lisa,Kim,lkimh4@list-manage.com,Female,43.194.213.95
Evelyn,Owens,eowensh5@bbb.org,Female,161.228.202.253
Craig,Fowler,cfowlerh6@europa.eu,Male,68.242.245.217
Nicholas,Clark,nclarkh7@msn.com,Male,104.113.136.24
Maria,Wallace,mwallaceh8@pagesperso-orange.fr,Female,166.199.240.233
Gary,Schmidt,gschmidth9@spotify.com,Male,61.123.182.8
Carolyn,Medina,cmedinaha@sbwire.com,Female,40.193.76.164
Judy,Watson,jwatsonhb@hao123.com,Female,68.118.59.101
Anthony,Davis,adavishc@fastcompany.com,Male,112.190.242.167
Irene,Baker,ibakerhd@cbsnews.com,Female,205.98.222.219
Russell,Rogers,rrogershe@wisc.edu,Male,59.175.93.59
Aaron,Price,apricehf@auda.org.au,Male,50.178.112.213
Jean,Davis,jdavishg@xing.com,Female,32.74.19.138
Linda,Jordan,ljordanhh@tripadvisor.com,Female,162.128.203.159
Roy,Phillips,rphillipshi@imgur.com,Male,224.138.238.16
Helen,Davis,hdavishj@cnn.com,Female,131.156.122.99
Mary,Martin,mmartinhk@bing.com,Female,237.7.13.45
Doris,Fernandez,dfernandezhl@symantec.com,Female,34.188.240.150
Kathryn,Gardner,kgardnerhm@tuttocitta.it,Female,243.71.248.241
Ronald,Hansen,rhansenhn@msu.edu,Male,190.166.198.175
Brandon,Dean,bdeanho@reverbnation.com,Male,33.31.147.104
Judy,Jordan,jjordanhp@alibaba.com,Female,119.108.249.81
Arthur,Lynch,alynchhq@t.co,Male,90.110.30.184
Wanda,Little,wlittlehr@pcworld.com,Female,154.55.92.66
Howard,Montgomery,hmontgomeryhs@whitehouse.gov,Male,44.207.12.45
Alice,Peterson,apetersonht@imdb.com,Female,207.87.50.237
Virginia,Lane,vlanehu@gov.uk,Female,84.80.113.41
Anne,Daniels,adanielshv@webeden.co.uk,Female,34.132.80.65
Jane,Martinez,jmartinezhw@etsy.com,Female,176.59.239.93
Emily,Daniels,edanielshx@auda.org.au,Female,124.245.210.238
Joshua,Banks,jbankshy@time.com,Male,159.221.113.92
Tammy,Jordan,tjordanhz@nationalgeographic.com,Female,56.190.144.74
Harry,Schmidt,hschmidti0@examiner.com,Male,114.220.207.88
Ernest,Owens,eowensi1@goo.gl,Male,237.93.216.132
Janet,Bailey,jbaileyi2@is.gd,Female,75.182.8.70
Kathryn,Washington,kwashingtoni3@mail.ru,Female,252.75.1.252
George,Bowman,gbowmani4@ehow.com,Male,138.204.104.254
Larry,Johnston,ljohnstoni5@mediafire.com,Male,221.43.79.70
Charles,Murphy,cmurphyi6@cnet.com,Male,121.137.132.250
Joseph,Fisher,jfisheri7@tripadvisor.com,Male,23.246.152.239
Julia,Henry,jhenryi8@theglobeandmail.com,Female,168.153.6.135
Ashley,Perkins,aperkinsi9@live.com,Female,162.56.32.90
John,Welch,jwelchia@gnu.org,Male,60.221.221.7
Wayne,Davis,wdavisib@psu.edu,Male,251.161.245.246
Jose,Bennett,jbennettic@msu.edu,Male,130.134.75.48
Walter,Hill,whillid@salon.com,Male,200.7.102.74
Jack,Stephens,jstephensie@nih.gov,Male,68.53.165.164
Carol,Miller,cmillerif@usgs.gov,Female,101.178.90.240
Debra,Austin,daustinig@kickstarter.com,Female,201.25.225.128
Albert,Gray,agrayih@nyu.edu,Male,121.11.119.171
Lawrence,Stewart,lstewartii@boston.com,Male,214.10.54.200
Jack,Austin,jaustinij@ycombinator.com,Male,100.108.152.113
Roger,Anderson,randersonik@va.gov,Male,215.52.231.241
Jesse,Dean,jdeanil@bizjournals.com,Male,153.245.4.211
Patrick,Meyer,pmeyerim@walmart.com,Male,135.132.214.104
Ernest,Burke,eburkein@dion.ne.jp,Male,26.146.233.214
James,Meyer,jmeyerio@cafepress.com,Male,64.169.105.107
Christopher,Butler,cbutlerip@google.de,Male,161.124.23.200
Eric,Marshall,emarshalliq@123-reg.co.uk,Male,203.149.253.223
Deborah,Rivera,driverair@vistaprint.com,Female,64.209.221.175
Todd,Gilbert,tgilbertis@360.cn,Male,165.228.23.52
Linda,George,lgeorgeit@hc360.com,Female,103.27.103.5
Sarah,Elliott,selliottiu@shareasale.com,Female,160.88.8.197
Kimberly,Brown,kbrowniv@sciencedirect.com,Female,124.155.121.91
Mark,Grant,mgrantiw@epa.gov,Male,140.240.73.156
Brian,Coleman,bcolemanix@nps.gov,Male,122.27.96.237
Scott,Mccoy,smccoyiy@example.com,Male,163.146.69.47
Robert,Jacobs,rjacobsiz@ameblo.jp,Male,214.232.49.61
Fred,Rivera,friveraj0@businesswire.com,Male,85.6.109.160
Steve,Washington,swashingtonj1@bloomberg.com,Male,156.142.249.212
Julia,Murphy,jmurphyj2@miibeian.gov.cn,Female,177.97.195.196
Albert,Collins,acollinsj3@youtu.be,Male,32.84.37.124
Walter,Hudson,whudsonj4@sina.com.cn,Male,141.244.80.205
Frances,Mcdonald,fmcdonaldj5@prlog.org,Female,62.129.242.246
Jeremy,Harvey,jharveyj6@imgur.com,Male,220.230.223.52
Phillip,Evans,pevansj7@g.co,Male,211.205.211.60
Robert,Williamson,rwilliamsonj8@indiatimes.com,Male,75.110.169.169
Julia,Boyd,jboydj9@php.net,Female,224.92.38.181
Andrea,Lynch,alynchja@toplist.cz,Female,83.55.9.112
Kevin,Ward,kwardjb@storify.com,Male,218.54.218.39
Jean,Greene,jgreenejc@posterous.com,Female,229.246.0.142
Irene,Jordan,ijordanjd@vistaprint.com,Female,207.36.107.244
David,Wells,dwellsje@goo.gl,Male,5.166.144.210
Matthew,Dunn,mdunnjf@tamu.edu,Male,220.163.72.254
Edward,Cunningham,ecunninghamjg@biglobe.ne.jp,Male,27.0.105.142
Kelly,Sanchez,ksanchezjh@wikispaces.com,Female,117.40.49.220
Arthur,Brooks,abrooksji@chronoengine.com,Male,100.169.66.67
Christine,Berry,cberryjj@mtv.com,Female,117.174.193.96
Emily,Lawrence,elawrencejk@slideshare.net,Female,228.246.216.27
Jonathan,Moreno,jmorenojl@behance.net,Male,162.64.38.193
Melissa,Simpson,msimpsonjm@discovery.com,Female,101.115.148.245
Gerald,Ellis,gellisjn@cnbc.com,Male,14.31.15.222
Judith,Price,jpricejo@technorati.com,Female,242.8.236.100
Carlos,Walker,cwalkerjp@themeforest.net,Male,60.113.250.102
Robin,Wagner,rwagnerjq@opensource.org,Female,155.134.69.98
Juan,Harrison,jharrisonjr@diigo.com,Male,222.171.42.73
Rachel,Lawson,rlawsonjs@livejournal.com,Female,67.216.166.89
Betty,Berry,bberryjt@craigslist.org,Female,116.93.75.115
David,Weaver,dweaverju@addthis.com,Male,61.55.114.246
Deborah,Perry,dperryjv@google.nl,Female,95.22.70.253
Donald,Matthews,dmatthewsjw@hp.com,Male,216.205.169.104
Eric,Richardson,erichardsonjx@upenn.edu,Male,115.166.124.100
Virginia,Edwards,vedwardsjy@usa.gov,Female,180.254.123.7
Dorothy,Robinson,drobinsonjz@businessweek.com,Female,115.95.173.84
Julie,Owens,jowensk0@yale.edu,Female,250.57.205.172
Alan,Phillips,aphillipsk1@webmd.com,Male,123.8.156.167
Helen,Watkins,hwatkinsk2@wordpress.org,Female,78.86.33.158
Edward,Daniels,edanielsk3@over-blog.com,Male,49.12.0.48
Stephen,Hamilton,shamiltonk4@hostgator.com,Male,212.39.78.123
Louis,Ray,lrayk5@tinyurl.com,Male,116.147.173.186
Cheryl,Hughes,chughesk6@dyndns.org,Female,197.21.246.121
Russell,Hunt,rhuntk7@reference.com,Male,5.178.203.0
Diane,Richards,drichardsk8@wsj.com,Female,38.65.191.84
Lillian,Stephens,lstephensk9@linkedin.com,Female,169.74.73.173
Arthur,Stone,astoneka@nydailynews.com,Male,41.100.71.180
Aaron,Ramos,aramoskb@delicious.com,Male,44.121.248.106
Robin,Jones,rjoneskc@de.vu,Female,157.145.178.196
Jessica,Ortiz,jortizkd@oakley.com,Female,113.95.190.63
Judith,Price,jpriceke@smh.com.au,Female,206.205.80.118
Rachel,Morrison,rmorrisonkf@godaddy.com,Female,83.238.248.53
Bobby,Gutierrez,bgutierrezkg@domainmarket.com,Male,43.182.248.147
Karen,Brooks,kbrookskh@mit.edu,Female,211.104.123.173
Janet,Sanchez,jsanchezki@scribd.com,Female,141.112.47.122
Thomas,Adams,tadamskj@odnoklassniki.ru,Male,42.46.21.21
Russell,Garrett,rgarrettkk@yandex.ru,Male,6.45.109.182
Marie,Simmons,msimmonskl@google.com.au,Female,223.201.37.246
Eric,Spencer,espencerkm@dailymotion.com,Male,23.190.113.25
Kathryn,Wright,kwrightkn@hp.com,Female,113.165.4.220
Christopher,Elliott,celliottko@webeden.co.uk,Male,74.159.1.18
Janet,Long,jlongkp@shutterfly.com,Female,17.217.186.37
Gerald,Jones,gjoneskq@reddit.com,Male,249.53.17.238
Michael,Johnson,mjohnsonkr@flavors.me,Male,114.38.147.186
Arthur,Lawson,alawsonks@cargocollective.com,Male,126.176.206.56
Billy,Ferguson,bfergusonkt@blogtalkradio.com,Male,155.116.17.46
Thomas,Hill,thillku@cdbaby.com,Male,33.17.209.125
Elizabeth,Peters,epeterskv@ted.com,Female,144.150.16.145
Douglas,Kelly,dkellykw@hc360.com,Male,230.133.3.255
Steven,Moreno,smorenokx@bbc.co.uk,Male,254.17.244.80
Evelyn,Wagner,ewagnerky@scientificamerican.com,Female,83.22.254.241
Ronald,Spencer,rspencerkz@skype.com,Male,129.162.81.239
Sara,Olson,solsonl0@cbc.ca,Female,250.170.232.197
Aaron,Lewis,alewisl1@vkontakte.ru,Male,251.12.113.169
Victor,Willis,vwillisl2@bizjournals.com,Male,59.182.232.126
Louise,Oliver,loliverl3@yellowbook.com,Female,128.33.73.73
Theresa,Howell,thowelll4@soup.io,Female,72.203.224.174
Harry,Sullivan,hsullivanl5@illinois.edu,Male,59.111.156.127
Harold,Grant,hgrantl6@cbslocal.com,Male,130.191.165.142
Ryan,Harris,rharrisl7@wiley.com,Male,43.254.30.251
Ronald,Pierce,rpiercel8@reuters.com,Male,201.147.226.11
Peter,Fields,pfieldsl9@howstuffworks.com,Male,208.101.39.228
Barbara,Nichols,bnicholsla@toplist.cz,Female,136.188.165.84
Deborah,Hudson,dhudsonlb@123-reg.co.uk,Female,40.203.238.243
Julia,Clark,jclarklc@craigslist.org,Female,129.209.142.50
Susan,Banks,sbanksld@nbcnews.com,Female,218.62.140.128
Janice,Washington,jwashingtonle@loc.gov,Female,6.201.20.37
Diana,Hunter,dhunterlf@tiny.cc,Female,96.213.112.94
Joseph,Mendoza,jmendozalg@booking.com,Male,115.149.215.240
Amy,Anderson,aandersonlh@loc.gov,Female,43.136.217.83
Rachel,Hernandez,rhernandezli@google.com.hk,Female,89.155.231.229
Carolyn,Garrett,cgarrettlj@virginia.edu,Female,140.240.216.208
Henry,Russell,hrusselllk@scientificamerican.com,Male,29.248.131.170
Irene,Clark,iclarkll@acquirethisname.com,Female,101.42.20.147
Irene,Allen,iallenlm@liveinternet.ru,Female,203.159.187.149
Ralph,Garcia,rgarcialn@photobucket.com,Male,100.153.154.83
Gloria,Lawson,glawsonlo@jigsy.com,Female,180.231.56.139
Christina,Bryant,cbryantlp@artisteer.com,Female,88.152.129.143
Howard,Oliver,holiverlq@vk.com,Male,32.74.44.178
Richard,Mendoza,rmendozalr@bizjournals.com,Male,241.133.53.7
Gary,Gray,ggrayls@purevolume.com,Male,243.182.132.245
Jerry,Morris,jmorrislt@sohu.com,Male,96.45.182.68
Johnny,Henderson,jhendersonlu@ihg.com,Male,184.48.135.11
Adam,Nichols,anicholslv@shutterfly.com,Male,123.165.108.114
Heather,George,hgeorgelw@quantcast.com,Female,221.235.88.71
Daniel,Lane,dlanelx@springer.com,Male,30.150.121.179
Brian,Carpenter,bcarpenterly@nhs.uk,Male,188.244.137.150
Nancy,Martin,nmartinlz@booking.com,Female,113.226.252.14
Harry,Matthews,hmatthewsm0@latimes.com,Male,193.54.73.124
Lori,Stewart,lstewartm1@bloglovin.com,Female,165.25.102.77
Donna,Ferguson,dfergusonm2@wordpress.com,Female,236.226.11.34
Robin,Bennett,rbennettm3@telegraph.co.uk,Female,80.198.14.5
Daniel,Mcdonald,dmcdonaldm4@ebay.com,Male,68.65.160.19
Kathy,Lane,klanem5@fc2.com,Female,102.103.160.7
Bruce,Taylor,btaylorm6@ted.com,Male,21.101.84.195
Phillip,Robinson,probinsonm7@ehow.com,Male,217.67.19.21
Cheryl,Gutierrez,cgutierrezm8@slideshare.net,Female,210.245.131.39
Lillian,Larson,llarsonm9@netlog.com,Female,142.200.254.149
Robert,Fox,rfoxma@privacy.gov.au,Male,110.127.187.214
Doris,Fox,dfoxmb@taobao.com,Female,62.227.153.78
Michelle,Ross,mrossmc@abc.net.au,Female,116.223.168.45
Jennifer,Hamilton,jhamiltonmd@noaa.gov,Female,254.49.36.159
Phyllis,Dixon,pdixonme@howstuffworks.com,Female,87.198.204.252
Chris,Black,cblackmf@example.com,Male,249.1.123.54
Theresa,Carpenter,tcarpentermg@ucsd.edu,Female,56.46.83.92
Andrea,Castillo,acastillomh@wikispaces.com,Female,51.51.63.29
Karen,Carpenter,kcarpentermi@godaddy.com,Female,198.113.99.71
Diana,Gomez,dgomezmj@slashdot.org,Female,7.74.98.74
Helen,Willis,hwillismk@abc.net.au,Female,24.11.203.48
Anthony,Rivera,ariveraml@google.es,Male,86.182.23.118
Jennifer,Cole,jcolemm@wiley.com,Female,55.208.228.115
Douglas,Matthews,dmatthewsmn@ucoz.ru,Male,17.93.139.122
Donald,Mitchell,dmitchellmo@simplemachines.org,Male,94.146.135.238
Kathleen,Knight,kknightmp@discovery.com,Female,172.12.59.136
Louis,Rodriguez,lrodriguezmq@merriam-webster.com,Male,5.216.33.227
Fred,Hernandez,fhernandezmr@livejournal.com,Male,37.129.208.216
Anne,Ward,awardms@moonfruit.com,Female,109.6.55.206
Robin,Collins,rcollinsmt@pbs.org,Female,54.249.198.169
Kimberly,Barnes,kbarnesmu@tamu.edu,Female,212.76.155.8
Benjamin,Spencer,bspencermv@drupal.org,Male,167.84.182.132
Elizabeth,Ruiz,eruizmw@bloglovin.com,Female,17.25.188.81
Victor,Gomez,vgomezmx@uiuc.edu,Male,68.174.212.6
Carol,Romero,cromeromy@ucoz.ru,Female,153.34.86.27
Doris,Wells,dwellsmz@vinaora.com,Female,3.134.193.130
Kevin,Cruz,kcruzn0@comcast.net,Male,103.128.80.209
Ralph,Willis,rwillisn1@hatena.ne.jp,Male,168.183.137.6
Beverly,Mills,bmillsn2@altervista.org,Female,6.238.179.8
Alan,Williamson,awilliamsonn3@patch.com,Male,79.208.154.45
Gerald,Richards,grichardsn4@nymag.com,Male,114.38.202.68
Debra,Ray,drayn5@scribd.com,Female,168.162.64.197
Juan,Owens,jowensn6@hao123.com,Male,97.32.171.219
Mary,Anderson,mandersonn7@dailymail.co.uk,Female,180.202.139.4
Ruth,Butler,rbutlern8@joomla.org,Female,248.105.232.195
Martha,Nichols,mnicholsn9@freewebs.com,Female,248.97.67.205
Julia,Burke,jburkena@seattletimes.com,Female,148.15.38.193
Christopher,Brooks,cbrooksnb@infoseek.co.jp,Male,222.235.155.121
Willie,Phillips,wphillipsnc@goo.gl,Male,185.90.133.232
James,Kim,jkimnd@odnoklassniki.ru,Male,168.99.243.227
Kathleen,Phillips,kphillipsne@chicagotribune.com,Female,47.178.133.9
Ruth,Olson,rolsonnf@sitemeter.com,Female,13.115.25.223
Terry,Marshall,tmarshallng@yale.edu,Male,104.94.176.92
Ann,Watson,awatsonnh@fastcompany.com,Female,38.19.104.190
Carl,Grant,cgrantni@ucoz.ru,Male,189.64.116.165
Lillian,Hawkins,lhawkinsnj@seattletimes.com,Female,15.93.132.253
Judy,Dunn,jdunnnk@amazon.com,Female,42.209.71.55
Rebecca,Arnold,rarnoldnl@mediafire.com,Female,73.213.209.192
Albert,Morris,amorrisnm@list-manage.com,Male,64.44.155.129
Ryan,Bell,rbellnn@clickbank.net,Male,82.199.207.76
Billy,Ryan,bryanno@shutterfly.com,Male,240.126.255.121
Arthur,Gutierrez,agutierreznp@cisco.com,Male,163.88.97.191
Ruth,Stephens,rstephensnq@gmpg.org,Female,71.228.96.210
Judith,Morris,jmorrisnr@1688.com,Female,181.52.17.8
Anne,Peters,apetersns@a8.net,Female,126.85.180.113
Laura,Torres,ltorresnt@netscape.com,Female,130.198.236.107
Jeremy,Howard,jhowardnu@samsung.com,Male,68.255.247.40
Kimberly,Robertson,krobertsonnv@sun.com,Female,8.174.109.101
Steven,Reyes,sreyesnw@github.com,Male,233.54.96.106
Gary,Wright,gwrightnx@wikipedia.org,Male,193.127.250.39
Jerry,Lynch,jlynchny@hugedomains.com,Male,22.113.176.191
Terry,Rodriguez,trodrigueznz@instagram.com,Male,216.27.129.191
Joshua,Foster,jfostero0@google.es,Male,218.33.35.92
Amy,Myers,amyerso1@hexun.com,Female,79.15.74.234
David,Spencer,dspencero2@twitpic.com,Male,240.148.75.91
Marilyn,Welch,mwelcho3@webmd.com,Female,162.139.242.43
Melissa,Castillo,mcastilloo4@nymag.com,Female,175.201.33.246
Sandra,Flores,sfloreso5@microsoft.com,Female,13.74.104.146
Henry,Flores,hfloreso6@npr.org,Male,155.79.82.206
Ashley,Davis,adaviso7@soup.io,Female,62.37.41.226
Carol,Garrett,cgarretto8@squidoo.com,Female,111.103.83.13
Mildred,Larson,mlarsono9@squarespace.com,Female,242.18.23.236
Kimberly,Howell,khowelloa@techcrunch.com,Female,201.35.246.65
Frances,Harvey,fharveyob@smh.com.au,Female,115.128.201.66
Matthew,Sims,msimsoc@bizjournals.com,Male,161.83.90.143
Andrew,Simmons,asimmonsod@google.com,Male,99.236.181.62
Kathy,Russell,krusselloe@sbwire.com,Female,131.25.136.99
Ann,Alexander,aalexanderof@goo.ne.jp,Female,6.100.96.229
Barbara,Banks,bbanksog@accuweather.com,Female,217.239.245.27
Pamela,Cruz,pcruzoh@squarespace.com,Female,107.228.132.197
Dorothy,Mitchell,dmitchelloi@soup.io,Female,145.137.59.47
Teresa,Greene,tgreeneoj@hhs.gov,Female,73.181.135.136
Dorothy,Perkins,dperkinsok@timesonline.co.uk,Female,154.18.156.38
Andrew,Marshall,amarshallol@reverbnation.com,Male,236.75.200.245
Andrea,Meyer,ameyerom@youtube.com,Female,87.51.30.93
Joe,Cooper,jcooperon@smugmug.com,Male,119.227.204.127
Debra,Brooks,dbrooksoo@w3.org,Female,155.244.211.23
Frances,Price,fpriceop@spiegel.de,Female,111.164.201.7
Cynthia,Rice,criceoq@cocolog-nifty.com,Female,54.164.155.241
Nicholas,Hunt,nhuntor@biglobe.ne.jp,Male,244.18.196.244
Gary,Green,ggreenos@a8.net,Male,147.196.10.164
Louise,Graham,lgrahamot@craigslist.org,Female,174.128.225.158
Stephanie,Bradley,sbradleyou@arizona.edu,Female,53.92.69.252
Lawrence,Meyer,lmeyerov@ebay.co.uk,Male,233.77.171.143
Robert,Franklin,rfranklinow@goo.ne.jp,Male,166.37.219.162
Catherine,Young,cyoungox@tmall.com,Female,114.170.230.38
Barbara,Hayes,bhayesoy@dmoz.org,Female,149.42.208.206
Terry,Mccoy,tmccoyoz@booking.com,Male,242.179.20.249
Shawn,Morris,smorrisp0@wikimedia.org,Male,101.125.217.178
Dennis,Woods,dwoodsp1@census.gov,Male,78.164.226.161
Wanda,Jacobs,wjacobsp2@cnet.com,Female,88.198.188.219
Tammy,Alvarez,talvarezp3@mapy.cz,Female,163.199.5.20
Donald,Burton,dburtonp4@last.fm,Male,180.173.116.195
Christine,Henry,chenryp5@ezinearticles.com,Female,199.91.17.78
Ronald,Lewis,rlewisp6@squarespace.com,Male,43.12.7.125
Lisa,Brooks,lbrooksp7@wordpress.com,Female,43.186.50.30
Jane,Adams,jadamsp8@jalbum.net,Female,158.109.29.197
William,Phillips,wphillipsp9@addtoany.com,Male,91.214.111.252
Chris,Green,cgreenpa@friendfeed.com,Male,200.103.39.9
Sean,Hudson,shudsonpb@ftc.gov,Male,55.191.139.177
Joyce,Griffin,jgriffinpc@csmonitor.com,Female,197.46.97.117
Julia,Hayes,jhayespd@drupal.org,Female,203.219.248.46
Willie,Sanchez,wsanchezpe@wiley.com,Male,194.72.35.23
Susan,Owens,sowenspf@wisc.edu,Female,223.133.99.61
Janet,Fernandez,jfernandezpg@independent.co.uk,Female,228.75.158.215
Ruby,Larson,rlarsonph@marriott.com,Female,40.26.9.212
Linda,Harvey,lharveypi@sourceforge.net,Female,186.72.99.228
Katherine,Baker,kbakerpj@dmoz.org,Female,61.214.9.62
Linda,Moore,lmoorepk@psu.edu,Female,61.13.236.162
Brian,Nelson,bnelsonpl@hugedomains.com,Male,250.134.211.240
Kimberly,Miller,kmillerpm@imgur.com,Female,100.79.228.120
Jesse,Snyder,jsnyderpn@hibu.com,Male,38.32.135.85
Tammy,Jackson,tjacksonpo@ebay.co.uk,Female,32.199.133.106
Eric,Lee,eleepp@reddit.com,Male,221.9.30.108
Terry,Alexander,talexanderpq@reverbnation.com,Male,253.59.72.242
Annie,Griffin,agriffinpr@sciencedirect.com,Female,201.178.147.177
Tammy,Cook,tcookps@ezinearticles.com,Female,168.178.162.115
Christopher,Romero,cromeropt@about.com,Male,244.202.65.205
Rebecca,Myers,rmyerspu@pen.io,Female,46.246.140.61
Joseph,Cunningham,jcunninghampv@ustream.tv,Male,51.98.72.38
Terry,Johnston,tjohnstonpw@adobe.com,Male,34.202.120.47
Ann,Washington,awashingtonpx@spiegel.de,Female,212.179.148.121
Brenda,Stanley,bstanleypy@sina.com.cn,Female,199.9.137.156
Victor,Sanders,vsanderspz@jimdo.com,Male,18.198.215.172
Joshua,Simpson,jsimpsonq0@myspace.com,Male,170.209.187.42
Alice,Austin,aaustinq1@berkeley.edu,Female,250.143.16.100
Ruby,Ellis,rellisq2@pen.io,Female,143.144.59.45
Margaret,Day,mdayq3@businessinsider.com,Female,232.115.131.206
Edward,Lynch,elynchq4@booking.com,Male,106.87.192.235
Jeffrey,Marshall,jmarshallq5@hp.com,Male,2.41.204.164
Julie,Butler,jbutlerq6@canalblog.com,Female,225.253.131.202
Steven,Nelson,snelsonq7@istockphoto.com,Male,208.50.5.152
Wanda,Frazier,wfrazierq8@studiopress.com,Female,142.16.31.180
Jessica,Martin,jmartinq9@flickr.com,Female,121.13.60.47
Fred,Bowman,fbowmanqa@fema.gov,Male,147.93.109.192
Anne,Turner,aturnerqb@ihg.com,Female,62.180.223.144
Willie,Jones,wjonesqc@buzzfeed.com,Male,143.25.87.155
Todd,Armstrong,tarmstrongqd@about.me,Male,8.6.98.74
Russell,Oliver,roliverqe@hibu.com,Male,213.232.224.25
Larry,Harvey,lharveyqf@list-manage.com,Male,182.124.48.122
Christopher,Flores,cfloresqg@si.edu,Male,15.46.72.158
Nicholas,Gordon,ngordonqh@instagram.com,Male,117.191.33.152
Dorothy,Hart,dhartqi@123-reg.co.uk,Female,8.212.251.231
Clarence,Diaz,cdiazqj@comsenz.com,Male,189.253.0.98
Janet,Mcdonald,jmcdonaldqk@auda.org.au,Female,32.251.227.140
Nancy,Coleman,ncolemanql@wired.com,Female,172.145.129.98
Daniel,Romero,dromeroqm@earthlink.net,Male,234.192.81.111
Justin,Brown,jbrownqn@yelp.com,Male,250.253.45.242
Howard,Johnson,hjohnsonqo@jimdo.com,Male,169.41.244.20
Joyce,Garza,jgarzaqp@scientificamerican.com,Female,135.204.183.245
Samuel,Brown,sbrownqq@nymag.com,Male,103.9.17.154
Brian,Reed,breedqr@independent.co.uk,Male,138.237.242.147
Earl,Jenkins,ejenkinsqs@skyrock.com,Male,25.184.129.244
Diane,Burns,dburnsqt@imageshack.us,Female,60.131.111.221
Kenneth,Holmes,kholmesqu@scientificamerican.com,Male,146.169.221.115
Carolyn,Ortiz,cortizqv@weibo.com,Female,12.59.121.228
Michelle,Rose,mroseqw@friendfeed.com,Female,115.124.42.187
Phillip,Knight,pknightqx@craigslist.org,Male,6.137.203.208
Douglas,Romero,dromeroqy@rediff.com,Male,232.165.226.152
Roy,Larson,rlarsonqz@thetimes.co.uk,Male,254.140.110.116
Judith,Sanchez,jsanchezr0@patch.com,Female,91.228.79.47
Louise,Johnston,ljohnstonr1@mashable.com,Female,54.65.145.26
Beverly,Fields,bfieldsr2@uol.com.br,Female,179.201.101.243
Jimmy,Castillo,jcastillor3@amazon.de,Male,45.205.99.121
Katherine,Dean,kdeanr4@mashable.com,Female,52.193.82.142
Susan,Murphy,smurphyr5@adobe.com,Female,108.153.209.82
Annie,Green,agreenr6@ft.com,Female,35.134.12.217
Gregory,Brown,gbrownr7@bloglines.com,Male,15.44.65.12
Sandra,Wood,swoodr8@ow.ly,Female,195.15.167.178
Emily,Martinez,emartinezr9@cbslocal.com,Female,218.49.60.46
Gary,Simmons,gsimmonsra@fda.gov,Male,72.128.243.187
Donna,Green,dgreenrb@sfgate.com,Female,92.21.209.32
Cynthia,Jacobs,cjacobsrc@desdev.cn,Female,105.109.161.83
Ruth,Webb,rwebbrd@mayoclinic.com,Female,130.154.157.142
Norma,Oliver,noliverre@uiuc.edu,Female,179.97.196.115
Fred,Harris,fharrisrf@mit.edu,Male,25.228.11.95
Matthew,Reyes,mreyesrg@sphinn.com,Male,194.222.45.123
Karen,Powell,kpowellrh@xing.com,Female,36.154.2.43
Brian,King,bkingri@who.int,Male,53.145.35.136
Randy,Pierce,rpiercerj@blogtalkradio.com,Male,75.182.171.72
Earl,Bennett,ebennettrk@craigslist.org,Male,119.132.229.247
Lois,Gray,lgrayrl@w3.org,Female,228.225.177.198
Betty,Williamson,bwilliamsonrm@php.net,Female,130.95.103.70
Ruth,Perkins,rperkinsrn@slideshare.net,Female,244.28.147.16
Christine,Lawrence,clawrencero@opera.com,Female,85.234.144.13
Timothy,Chapman,tchapmanrp@ovh.net,Male,78.27.157.44
Jonathan,Gutierrez,jgutierrezrq@unc.edu,Male,132.190.0.223
Bobby,Alexander,balexanderrr@mayoclinic.com,Male,55.10.82.82
